rrrrrr,K=1,iterations=1000,"[[1000, 0, 0], [1000, 0, 0]]",False,False
rrrrrb,K=1,iterations=1000,"[[1000, 0, 0], [1000, 0, 0]]",False,False
rrrrrg,K=1,iterations=1000,"[[1000, 0, 0], [1000, 0, 0]]",False,False
rrrrbr,K=1,iterations=1000,"[[1000, 0, 0], [1000, 0, 0]]",False,False
rrrrbb,K=1,iterations=1000,"[[1000, 0, 0], [1000, 0, 0]]",False,False
rrrrbg,K=1,iterations=1000,"[[1000, 0, 0], [1000, 0, 0]]",False,False
rrrrgr,K=1,iterations=1000,"[[1000, 0, 0], [1000, 0, 0]]",False,False
rrrrgb,K=1,iterations=1000,"[[1000, 0, 0], [1000, 0, 0]]",False,False
rrrrgg,K=1,iterations=1000,"[[1000, 0, 0], [1000, 0, 0]]",False,False
rrrbrr,K=1,iterations=1000,"[[1000, 0, 0], [1000, 0, 0]]",False,False
rrrbrb,K=1,iterations=1000,"[[1000, 0, 0], [1000, 0, 0]]",False,False
rrrbrg,K=1,iterations=1000,"[[1000, 0, 0], [1000, 0, 0]]",False,False
rrrbbr,K=1,iterations=1000,"[[1000, 0, 0], [1000, 0, 0]]",False,False
rrrbbb,K=1,iterations=1000,"[[0, 1000, 0], [1000, 0, 0]]",True,True
rrrbbg,K=1,iterations=1000,"[[492, 508, 0], [1000, 0, 0]]",True,False
rrrbgr,K=1,iterations=1000,"[[1000, 0, 0], [1000, 0, 0]]",False,False
rrrbgb,K=1,iterations=1000,"[[507, 493, 0], [1000, 0, 0]]",True,False
rrrbgg,K=1,iterations=1000,"[[494, 0, 506], [1000, 0, 0]]",True,False
rrrgrr,K=1,iterations=1000,"[[1000, 0, 0], [1000, 0, 0]]",False,False
rrrgrb,K=1,iterations=1000,"[[1000, 0, 0], [1000, 0, 0]]",False,False
rrrgrg,K=1,iterations=1000,"[[1000, 0, 0], [1000, 0, 0]]",False,False
rrrgbr,K=1,iterations=1000,"[[1000, 0, 0], [1000, 0, 0]]",False,False
rrrgbb,K=1,iterations=1000,"[[541, 459, 0], [1000, 0, 0]]",True,False
rrrgbg,K=1,iterations=1000,"[[505, 0, 495], [1000, 0, 0]]",True,False
rrrggr,K=1,iterations=1000,"[[1000, 0, 0], [1000, 0, 0]]",False,False
rrrggb,K=1,iterations=1000,"[[515, 0, 485], [1000, 0, 0]]",True,False
rrrggg,K=1,iterations=1000,"[[0, 0, 1000], [1000, 0, 0]]",True,True
rrbrrr,K=1,iterations=1000,"[[1000, 0, 0], [1000, 0, 0]]",False,False
rrbrrb,K=1,iterations=1000,"[[1000, 0, 0], [1000, 0, 0]]",False,False
rrbrrg,K=1,iterations=1000,"[[1000, 0, 0], [1000, 0, 0]]",False,False
rrbrbr,K=1,iterations=1000,"[[1000, 0, 0], [1000, 0, 0]]",False,False
rrbrbb,K=1,iterations=1000,"[[0, 1000, 0], [1000, 0, 0]]",True,True
rrbrbg,K=1,iterations=1000,"[[536, 464, 0], [1000, 0, 0]]",True,False
rrbrgr,K=1,iterations=1000,"[[1000, 0, 0], [1000, 0, 0]]",False,False
rrbrgb,K=1,iterations=1000,"[[523, 477, 0], [1000, 0, 0]]",True,False
rrbrgg,K=1,iterations=1000,"[[489, 0, 511], [1000, 0, 0]]",True,False
rrbbrr,K=1,iterations=1000,"[[1000, 0, 0], [1000, 0, 0]]",False,False
rrbbrb,K=1,iterations=1000,"[[0, 1000, 0], [1000, 0, 0]]",True,True
rrbbrg,K=1,iterations=1000,"[[493, 507, 0], [1000, 0, 0]]",True,False
rrbbbr,K=1,iterations=1000,"[[0, 1000, 0], [1000, 0, 0]]",True,True
rrbbbb,K=1,iterations=1000,"[[0, 1000, 0], [0, 1000, 0]]",False,False
rrbbbg,K=1,iterations=1000,"[[0, 1000, 0], [726, 213, 61]]",True,False
rrbbgr,K=1,iterations=1000,"[[514, 486, 0], [1000, 0, 0]]",True,False
rrbbgb,K=1,iterations=1000,"[[0, 1000, 0], [498, 502, 0]]",True,False
rrbbgg,K=1,iterations=1000,"[[0, 501, 499], [830, 92, 78]]",True,False
rrbgrr,K=1,iterations=1000,"[[1000, 0, 0], [1000, 0, 0]]",False,False
rrbgrb,K=1,iterations=1000,"[[474, 526, 0], [1000, 0, 0]]",True,False
rrbgrg,K=1,iterations=1000,"[[504, 0, 496], [1000, 0, 0]]",True,False
rrbgbr,K=1,iterations=1000,"[[514, 486, 0], [1000, 0, 0]]",True,False
rrbgbb,K=1,iterations=1000,"[[0, 1000, 0], [512, 488, 0]]",True,False
rrbgbg,K=1,iterations=1000,"[[0, 486, 514], [635, 192, 173]]",True,False
rrbggr,K=1,iterations=1000,"[[507, 0, 493], [1000, 0, 0]]",True,False
rrbggb,K=1,iterations=1000,"[[0, 466, 534], [738, 209, 53]]",True,False
rrbggg,K=1,iterations=1000,"[[0, 0, 1000], [721, 64, 215]]",True,False
rrgrrr,K=1,iterations=1000,"[[1000, 0, 0], [1000, 0, 0]]",False,False
rrgrrb,K=1,iterations=1000,"[[1000, 0, 0], [1000, 0, 0]]",False,False
rrgrrg,K=1,iterations=1000,"[[1000, 0, 0], [1000, 0, 0]]",False,False
rrgrbr,K=1,iterations=1000,"[[1000, 0, 0], [1000, 0, 0]]",False,False
rrgrbb,K=1,iterations=1000,"[[474, 526, 0], [1000, 0, 0]]",True,False
rrgrbg,K=1,iterations=1000,"[[490, 0, 510], [1000, 0, 0]]",True,False
rrgrgr,K=1,iterations=1000,"[[1000, 0, 0], [1000, 0, 0]]",False,False
rrgrgb,K=1,iterations=1000,"[[503, 0, 497], [1000, 0, 0]]",True,False
rrgrgg,K=1,iterations=1000,"[[0, 0, 1000], [1000, 0, 0]]",True,True
rrgbrr,K=1,iterations=1000,"[[1000, 0, 0], [1000, 0, 0]]",False,False
rrgbrb,K=1,iterations=1000,"[[496, 504, 0], [1000, 0, 0]]",True,False
rrgbrg,K=1,iterations=1000,"[[488, 0, 512], [1000, 0, 0]]",True,False
rrgbbr,K=1,iterations=1000,"[[504, 496, 0], [1000, 0, 0]]",True,False
rrgbbb,K=1,iterations=1000,"[[0, 1000, 0], [717, 225, 58]]",True,False
rrgbbg,K=1,iterations=1000,"[[0, 493, 507], [703, 57, 240]]",True,False
rrgbgr,K=1,iterations=1000,"[[525, 0, 475], [1000, 0, 0]]",True,False
rrgbgb,K=1,iterations=1000,"[[0, 510, 490], [669, 159, 172]]",True,False
rrgbgg,K=1,iterations=1000,"[[0, 0, 1000], [513, 0, 487]]",True,False
rrggrr,K=1,iterations=1000,"[[1000, 0, 0], [1000, 0, 0]]",False,False
rrggrb,K=1,iterations=1000,"[[524, 0, 476], [1000, 0, 0]]",True,False
rrggrg,K=1,iterations=1000,"[[0, 0, 1000], [1000, 0, 0]]",True,True
rrggbr,K=1,iterations=1000,"[[490, 0, 510], [1000, 0, 0]]",True,False
rrggbb,K=1,iterations=1000,"[[0, 488, 512], [815, 88, 97]]",True,False
rrggbg,K=1,iterations=1000,"[[0, 0, 1000], [500, 0, 500]]",True,False
rrgggr,K=1,iterations=1000,"[[0, 0, 1000], [1000, 0, 0]]",True,True
rrgggb,K=1,iterations=1000,"[[0, 0, 1000], [705, 68, 227]]",True,False
rrgggg,K=1,iterations=1000,"[[0, 0, 1000], [0, 0, 1000]]",False,False
rbrrrr,K=1,iterations=1000,"[[1000, 0, 0], [1000, 0, 0]]",False,False
rbrrrb,K=1,iterations=1000,"[[1000, 0, 0], [1000, 0, 0]]",False,False
rbrrrg,K=1,iterations=1000,"[[1000, 0, 0], [1000, 0, 0]]",False,False
rbrrbr,K=1,iterations=1000,"[[1000, 0, 0], [1000, 0, 0]]",False,False
rbrrbb,K=1,iterations=1000,"[[0, 1000, 0], [1000, 0, 0]]",True,True
rbrrbg,K=1,iterations=1000,"[[484, 516, 0], [1000, 0, 0]]",True,False
rbrrgr,K=1,iterations=1000,"[[1000, 0, 0], [1000, 0, 0]]",False,False
rbrrgb,K=1,iterations=1000,"[[513, 487, 0], [1000, 0, 0]]",True,False
rbrrgg,K=1,iterations=1000,"[[491, 0, 509], [1000, 0, 0]]",True,False
rbrbrr,K=1,iterations=1000,"[[1000, 0, 0], [1000, 0, 0]]",False,False
rbrbrb,K=1,iterations=1000,"[[0, 1000, 0], [1000, 0, 0]]",True,True
rbrbrg,K=1,iterations=1000,"[[505, 495, 0], [1000, 0, 0]]",True,False
rbrbbr,K=1,iterations=1000,"[[0, 1000, 0], [1000, 0, 0]]",True,True
rbrbbb,K=1,iterations=1000,"[[0, 1000, 0], [0, 1000, 0]]",False,False
rbrbbg,K=1,iterations=1000,"[[0, 1000, 0], [461, 539, 0]]",True,False
rbrbgr,K=1,iterations=1000,"[[530, 470, 0], [1000, 0, 0]]",True,False
rbrbgb,K=1,iterations=1000,"[[0, 1000, 0], [512, 488, 0]]",True,False
rbrbgg,K=1,iterations=1000,"[[0, 494, 506], [708, 234, 58]]",True,False
rbrgrr,K=1,iterations=1000,"[[1000, 0, 0], [1000, 0, 0]]",False,False
rbrgrb,K=1,iterations=1000,"[[523, 477, 0], [1000, 0, 0]]",True,False
rbrgrg,K=1,iterations=1000,"[[526, 0, 474], [1000, 0, 0]]",True,False
rbrgbr,K=1,iterations=1000,"[[525, 475, 0], [1000, 0, 0]]",True,False
rbrgbb,K=1,iterations=1000,"[[0, 1000, 0], [707, 229, 64]]",True,False
rbrgbg,K=1,iterations=1000,"[[0, 480, 520], [673, 166, 161]]",True,False
rbrggr,K=1,iterations=1000,"[[456, 0, 544], [1000, 0, 0]]",True,False
rbrggb,K=1,iterations=1000,"[[0, 495, 505], [810, 97, 93]]",True,False
rbrggg,K=1,iterations=1000,"[[0, 0, 1000], [731, 49, 220]]",True,False
rbbrrr,K=1,iterations=1000,"[[1000, 0, 0], [1000, 0, 0]]",False,False
rbbrrb,K=1,iterations=1000,"[[0, 1000, 0], [1000, 0, 0]]",True,True
rbbrrg,K=1,iterations=1000,"[[495, 505, 0], [1000, 0, 0]]",True,False
rbbrbr,K=1,iterations=1000,"[[0, 1000, 0], [1000, 0, 0]]",True,True
rbbrbb,K=1,iterations=1000,"[[0, 1000, 0], [0, 1000, 0]]",False,False
rbbrbg,K=1,iterations=1000,"[[0, 1000, 0], [504, 496, 0]]",True,False
rbbrgr,K=1,iterations=1000,"[[486, 514, 0], [1000, 0, 0]]",True,False
rbbrgb,K=1,iterations=1000,"[[0, 1000, 0], [719, 226, 55]]",True,False
rbbrgg,K=1,iterations=1000,"[[0, 498, 502], [820, 91, 89]]",True,False
rbbbrr,K=1,iterations=1000,"[[0, 1000, 0], [1000, 0, 0]]",True,True
rbbbrb,K=1,iterations=1000,"[[0, 1000, 0], [0, 1000, 0]]",False,False
rbbbrg,K=1,iterations=1000,"[[0, 1000, 0], [742, 208, 50]]",True,False
rbbbbr,K=1,iterations=1000,"[[0, 1000, 0], [0, 1000, 0]]",False,False
rbbbbb,K=1,iterations=1000,"[[0, 1000, 0], [0, 1000, 0]]",False,False
rbbbbg,K=1,iterations=1000,"[[0, 1000, 0], [0, 1000, 0]]",False,False
rbbbgr,K=1,iterations=1000,"[[0, 1000, 0], [724, 219, 57]]",True,False
rbbbgb,K=1,iterations=1000,"[[0, 1000, 0], [0, 1000, 0]]",False,False
rbbbgg,K=1,iterations=1000,"[[0, 1000, 0], [229, 543, 228]]",True,False
rbbgrr,K=1,iterations=1000,"[[462, 538, 0], [1000, 0, 0]]",True,False
rbbgrb,K=1,iterations=1000,"[[0, 1000, 0], [712, 217, 71]]",True,False
rbbgrg,K=1,iterations=1000,"[[0, 500, 500], [701, 70, 229]]",True,False
rbbgbr,K=1,iterations=1000,"[[0, 1000, 0], [523, 477, 0]]",True,False
rbbgbb,K=1,iterations=1000,"[[0, 1000, 0], [0, 1000, 0]]",False,False
rbbgbg,K=1,iterations=1000,"[[0, 1000, 0], [54, 715, 231]]",True,False
rbbggr,K=1,iterations=1000,"[[0, 517, 483], [822, 86, 92]]",True,False
rbbggb,K=1,iterations=1000,"[[0, 1000, 0], [222, 550, 228]]",True,False
rbbggg,K=1,iterations=1000,"[[0, 0, 1000], [212, 232, 556]]",True,False
rbgrrr,K=1,iterations=1000,"[[1000, 0, 0], [1000, 0, 0]]",False,False
rbgrrb,K=1,iterations=1000,"[[484, 516, 0], [1000, 0, 0]]",True,False
rbgrrg,K=1,iterations=1000,"[[516, 0, 484], [1000, 0, 0]]",True,False
rbgrbr,K=1,iterations=1000,"[[500, 500, 0], [1000, 0, 0]]",True,False
rbgrbb,K=1,iterations=1000,"[[0, 1000, 0], [746, 202, 52]]",True,False
rbgrbg,K=1,iterations=1000,"[[0, 505, 495], [650, 174, 176]]",True,False
rbgrgr,K=1,iterations=1000,"[[475, 0, 525], [1000, 0, 0]]",True,False
rbgrgb,K=1,iterations=1000,"[[0, 473, 527], [724, 63, 213]]",True,False
rbgrgg,K=1,iterations=1000,"[[0, 0, 1000], [512, 0, 488]]",True,False
rbgbrr,K=1,iterations=1000,"[[522, 478, 0], [1000, 0, 0]]",True,False
rbgbrb,K=1,iterations=1000,"[[0, 1000, 0], [507, 493, 0]]",True,False
rbgbrg,K=1,iterations=1000,"[[0, 497, 503], [661, 182, 157]]",True,False
rbgbbr,K=1,iterations=1000,"[[0, 1000, 0], [482, 518, 0]]",True,False
rbgbbb,K=1,iterations=1000,"[[0, 1000, 0], [0, 1000, 0]]",False,False
rbgbbg,K=1,iterations=1000,"[[0, 1000, 0], [61, 702, 237]]",True,False
rbgbgr,K=1,iterations=1000,"[[0, 487, 513], [688, 154, 158]]",True,False
rbgbgb,K=1,iterations=1000,"[[0, 1000, 0], [59, 713, 228]]",True,False
rbgbgg,K=1,iterations=1000,"[[0, 0, 1000], [64, 229, 707]]",True,False
rbggrr,K=1,iterations=1000,"[[485, 0, 515], [1000, 0, 0]]",True,False
rbggrb,K=1,iterations=1000,"[[0, 524, 476], [816, 93, 91]]",True,False
rbggrg,K=1,iterations=1000,"[[0, 0, 1000], [503, 0, 497]]",True,False
rbggbr,K=1,iterations=1000,"[[0, 492, 508], [724, 225, 51]]",True,False
rbggbb,K=1,iterations=1000,"[[0, 1000, 0], [222, 558, 220]]",True,False
rbggbg,K=1,iterations=1000,"[[0, 0, 1000], [56, 222, 722]]",True,False
rbgggr,K=1,iterations=1000,"[[0, 0, 1000], [715, 62, 223]]",True,False
rbgggb,K=1,iterations=1000,"[[0, 0, 1000], [201, 227, 572]]",True,False
rbgggg,K=1,iterations=1000,"[[0, 0, 1000], [0, 0, 1000]]",False,False
rgrrrr,K=1,iterations=1000,"[[1000, 0, 0], [1000, 0, 0]]",False,False
rgrrrb,K=1,iterations=1000,"[[1000, 0, 0], [1000, 0, 0]]",False,False
rgrrrg,K=1,iterations=1000,"[[1000, 0, 0], [1000, 0, 0]]",False,False
rgrrbr,K=1,iterations=1000,"[[1000, 0, 0], [1000, 0, 0]]",False,False
rgrrbb,K=1,iterations=1000,"[[517, 483, 0], [1000, 0, 0]]",True,False
rgrrbg,K=1,iterations=1000,"[[490, 0, 510], [1000, 0, 0]]",True,False
rgrrgr,K=1,iterations=1000,"[[1000, 0, 0], [1000, 0, 0]]",False,False
rgrrgb,K=1,iterations=1000,"[[520, 0, 480], [1000, 0, 0]]",True,False
rgrrgg,K=1,iterations=1000,"[[0, 0, 1000], [1000, 0, 0]]",True,True
rgrbrr,K=1,iterations=1000,"[[1000, 0, 0], [1000, 0, 0]]",False,False
rgrbrb,K=1,iterations=1000,"[[507, 493, 0], [1000, 0, 0]]",True,False
rgrbrg,K=1,iterations=1000,"[[495, 0, 505], [1000, 0, 0]]",True,False
rgrbbr,K=1,iterations=1000,"[[494, 506, 0], [1000, 0, 0]]",True,False
rgrbbb,K=1,iterations=1000,"[[0, 1000, 0], [710, 226, 64]]",True,False
rgrbbg,K=1,iterations=1000,"[[0, 512, 488], [805, 108, 87]]",True,False
rgrbgr,K=1,iterations=1000,"[[520, 0, 480], [1000, 0, 0]]",True,False
rgrbgb,K=1,iterations=1000,"[[0, 541, 459], [662, 159, 179]]",True,False
rgrbgg,K=1,iterations=1000,"[[0, 0, 1000], [728, 52, 220]]",True,False
rgrgrr,K=1,iterations=1000,"[[1000, 0, 0], [1000, 0, 0]]",False,False
rgrgrb,K=1,iterations=1000,"[[491, 0, 509], [1000, 0, 0]]",True,False
rgrgrg,K=1,iterations=1000,"[[0, 0, 1000], [1000, 0, 0]]",True,True
rgrgbr,K=1,iterations=1000,"[[505, 0, 495], [1000, 0, 0]]",True,False
rgrgbb,K=1,iterations=1000,"[[0, 496, 504], [712, 60, 228]]",True,False
rgrgbg,K=1,iterations=1000,"[[0, 0, 1000], [497, 0, 503]]",True,False
rgrggr,K=1,iterations=1000,"[[0, 0, 1000], [1000, 0, 0]]",True,True
rgrggb,K=1,iterations=1000,"[[0, 0, 1000], [520, 0, 480]]",True,False
rgrggg,K=1,iterations=1000,"[[0, 0, 1000], [0, 0, 1000]]",False,False
rgbrrr,K=1,iterations=1000,"[[1000, 0, 0], [1000, 0, 0]]",False,False
rgbrrb,K=1,iterations=1000,"[[504, 496, 0], [1000, 0, 0]]",True,False
rgbrrg,K=1,iterations=1000,"[[519, 0, 481], [1000, 0, 0]]",True,False
rgbrbr,K=1,iterations=1000,"[[489, 511, 0], [1000, 0, 0]]",True,False
rgbrbb,K=1,iterations=1000,"[[0, 1000, 0], [524, 476, 0]]",True,False
rgbrbg,K=1,iterations=1000,"[[0, 485, 515], [733, 225, 42]]",True,False
rgbrgr,K=1,iterations=1000,"[[467, 0, 533], [1000, 0, 0]]",True,False
rgbrgb,K=1,iterations=1000,"[[0, 500, 500], [668, 166, 166]]",True,False
rgbrgg,K=1,iterations=1000,"[[0, 0, 1000], [728, 55, 217]]",True,False
rgbbrr,K=1,iterations=1000,"[[504, 496, 0], [1000, 0, 0]]",True,False
rgbbrb,K=1,iterations=1000,"[[0, 1000, 0], [505, 495, 0]]",True,False
rgbbrg,K=1,iterations=1000,"[[0, 497, 503], [816, 82, 102]]",True,False
rgbbbr,K=1,iterations=1000,"[[0, 1000, 0], [719, 226, 55]]",True,False
rgbbbb,K=1,iterations=1000,"[[0, 1000, 0], [0, 1000, 0]]",False,False
rgbbbg,K=1,iterations=1000,"[[0, 1000, 0], [194, 548, 258]]",True,False
rgbbgr,K=1,iterations=1000,"[[0, 479, 521], [732, 48, 220]]",True,False
rgbbgb,K=1,iterations=1000,"[[0, 1000, 0], [65, 715, 220]]",True,False
rgbbgg,K=1,iterations=1000,"[[0, 0, 1000], [241, 220, 539]]",True,False
rgbgrr,K=1,iterations=1000,"[[500, 0, 500], [1000, 0, 0]]",True,False
rgbgrb,K=1,iterations=1000,"[[0, 518, 482], [663, 182, 155]]",True,False
rgbgrg,K=1,iterations=1000,"[[0, 0, 1000], [499, 0, 501]]",True,False
rgbgbr,K=1,iterations=1000,"[[0, 490, 510], [658, 170, 172]]",True,False
rgbgbb,K=1,iterations=1000,"[[0, 1000, 0], [54, 718, 228]]",True,False
rgbgbg,K=1,iterations=1000,"[[0, 0, 1000], [55, 207, 738]]",True,False
rgbggr,K=1,iterations=1000,"[[0, 0, 1000], [510, 0, 490]]",True,False
rgbggb,K=1,iterations=1000,"[[0, 0, 1000], [46, 215, 739]]",True,False
rgbggg,K=1,iterations=1000,"[[0, 0, 1000], [0, 0, 1000]]",False,False
rggrrr,K=1,iterations=1000,"[[1000, 0, 0], [1000, 0, 0]]",False,False
rggrrb,K=1,iterations=1000,"[[533, 0, 467], [1000, 0, 0]]",True,False
rggrrg,K=1,iterations=1000,"[[0, 0, 1000], [1000, 0, 0]]",True,True
rggrbr,K=1,iterations=1000,"[[520, 0, 480], [1000, 0, 0]]",True,False
rggrbb,K=1,iterations=1000,"[[0, 515, 485], [807, 99, 94]]",True,False
rggrbg,K=1,iterations=1000,"[[0, 0, 1000], [706, 71, 223]]",True,False
rggrgr,K=1,iterations=1000,"[[0, 0, 1000], [1000, 0, 0]]",True,True
rggrgb,K=1,iterations=1000,"[[0, 0, 1000], [523, 0, 477]]",True,False
rggrgg,K=1,iterations=1000,"[[0, 0, 1000], [0, 0, 1000]]",False,False
rggbrr,K=1,iterations=1000,"[[504, 0, 496], [1000, 0, 0]]",True,False
rggbrb,K=1,iterations=1000,"[[0, 490, 510], [723, 222, 55]]",True,False
rggbrg,K=1,iterations=1000,"[[0, 0, 1000], [731, 46, 223]]",True,False
rggbbr,K=1,iterations=1000,"[[0, 491, 509], [786, 101, 113]]",True,False
rggbbb,K=1,iterations=1000,"[[0, 1000, 0], [222, 534, 244]]",True,False
rggbbg,K=1,iterations=1000,"[[0, 0, 1000], [214, 203, 583]]",True,False
rggbgr,K=1,iterations=1000,"[[0, 0, 1000], [494, 0, 506]]",True,False
rggbgb,K=1,iterations=1000,"[[0, 0, 1000], [60, 222, 718]]",True,False
rggbgg,K=1,iterations=1000,"[[0, 0, 1000], [0, 0, 1000]]",False,False
rgggrr,K=1,iterations=1000,"[[0, 0, 1000], [1000, 0, 0]]",True,True
rgggrb,K=1,iterations=1000,"[[0, 0, 1000], [693, 64, 243]]",True,False
rgggrg,K=1,iterations=1000,"[[0, 0, 1000], [0, 0, 1000]]",False,False
rgggbr,K=1,iterations=1000,"[[0, 0, 1000], [724, 58, 218]]",True,False
rgggbb,K=1,iterations=1000,"[[0, 0, 1000], [219, 220, 561]]",True,False
rgggbg,K=1,iterations=1000,"[[0, 0, 1000], [0, 0, 1000]]",False,False
rggggr,K=1,iterations=1000,"[[0, 0, 1000], [0, 0, 1000]]",False,False
rggggb,K=1,iterations=1000,"[[0, 0, 1000], [0, 0, 1000]]",False,False
rggggg,K=1,iterations=1000,"[[0, 0, 1000], [0, 0, 1000]]",False,False
brrrrr,K=1,iterations=1000,"[[1000, 0, 0], [1000, 0, 0]]",False,False
brrrrb,K=1,iterations=1000,"[[1000, 0, 0], [1000, 0, 0]]",False,False
brrrrg,K=1,iterations=1000,"[[1000, 0, 0], [1000, 0, 0]]",False,False
brrrbr,K=1,iterations=1000,"[[1000, 0, 0], [1000, 0, 0]]",False,False
brrrbb,K=1,iterations=1000,"[[1000, 0, 0], [0, 1000, 0]]",True,True
brrrbg,K=1,iterations=1000,"[[1000, 0, 0], [227, 707, 66]]",True,False
brrrgr,K=1,iterations=1000,"[[1000, 0, 0], [1000, 0, 0]]",False,False
brrrgb,K=1,iterations=1000,"[[1000, 0, 0], [208, 740, 52]]",True,False
brrrgg,K=1,iterations=1000,"[[1000, 0, 0], [545, 228, 227]]",True,False
brrbrr,K=1,iterations=1000,"[[1000, 0, 0], [1000, 0, 0]]",False,False
brrbrb,K=1,iterations=1000,"[[1000, 0, 0], [0, 1000, 0]]",True,True
brrbrg,K=1,iterations=1000,"[[1000, 0, 0], [521, 479, 0]]",True,False
brrbbr,K=1,iterations=1000,"[[1000, 0, 0], [0, 1000, 0]]",True,True
brrbbb,K=1,iterations=1000,"[[0, 1000, 0], [0, 1000, 0]]",False,False
brrbbg,K=1,iterations=1000,"[[504, 496, 0], [0, 1000, 0]]",True,False
brrbgr,K=1,iterations=1000,"[[1000, 0, 0], [225, 730, 45]]",True,False
brrbgb,K=1,iterations=1000,"[[511, 489, 0], [0, 1000, 0]]",True,False
brrbgg,K=1,iterations=1000,"[[517, 0, 483], [91, 816, 93]]",True,False
brrgrr,K=1,iterations=1000,"[[1000, 0, 0], [1000, 0, 0]]",False,False
brrgrb,K=1,iterations=1000,"[[1000, 0, 0], [488, 512, 0]]",True,False
brrgrg,K=1,iterations=1000,"[[1000, 0, 0], [704, 67, 229]]",True,False
brrgbr,K=1,iterations=1000,"[[1000, 0, 0], [230, 715, 55]]",True,False
brrgbb,K=1,iterations=1000,"[[508, 492, 0], [0, 1000, 0]]",True,False
brrgbg,K=1,iterations=1000,"[[510, 0, 490], [57, 727, 216]]",True,False
brrggr,K=1,iterations=1000,"[[1000, 0, 0], [572, 195, 233]]",True,False
brrggb,K=1,iterations=1000,"[[511, 0, 489], [74, 833, 93]]",True,False
brrggg,K=1,iterations=1000,"[[0, 0, 1000], [213, 219, 568]]",True,False
brbrrr,K=1,iterations=1000,"[[1000, 0, 0], [1000, 0, 0]]",False,False
brbrrb,K=1,iterations=1000,"[[1000, 0, 0], [0, 1000, 0]]",True,True
brbrrg,K=1,iterations=1000,"[[1000, 0, 0], [505, 495, 0]]",True,False
brbrbr,K=1,iterations=1000,"[[1000, 0, 0], [0, 1000, 0]]",True,True
brbrbb,K=1,iterations=1000,"[[0, 1000, 0], [0, 1000, 0]]",False,False
brbrbg,K=1,iterations=1000,"[[514, 486, 0], [0, 1000, 0]]",True,False
brbrgr,K=1,iterations=1000,"[[1000, 0, 0], [509, 491, 0]]",True,False
brbrgb,K=1,iterations=1000,"[[469, 531, 0], [0, 1000, 0]]",True,False
brbrgg,K=1,iterations=1000,"[[501, 0, 499], [245, 699, 56]]",True,False
brbbrr,K=1,iterations=1000,"[[1000, 0, 0], [0, 1000, 0]]",True,True
brbbrb,K=1,iterations=1000,"[[0, 1000, 0], [0, 1000, 0]]",False,False
brbbrg,K=1,iterations=1000,"[[511, 489, 0], [0, 1000, 0]]",True,False
brbbbr,K=1,iterations=1000,"[[0, 1000, 0], [0, 1000, 0]]",False,False
brbbbb,K=1,iterations=1000,"[[0, 1000, 0], [0, 1000, 0]]",False,False
brbbbg,K=1,iterations=1000,"[[0, 1000, 0], [0, 1000, 0]]",False,False
brbbgr,K=1,iterations=1000,"[[488, 512, 0], [0, 1000, 0]]",True,False
brbbgb,K=1,iterations=1000,"[[0, 1000, 0], [0, 1000, 0]]",False,False
brbbgg,K=1,iterations=1000,"[[0, 495, 505], [0, 1000, 0]]",True,False
brbgrr,K=1,iterations=1000,"[[1000, 0, 0], [221, 725, 54]]",True,False
brbgrb,K=1,iterations=1000,"[[501, 499, 0], [0, 1000, 0]]",True,False
brbgrg,K=1,iterations=1000,"[[530, 0, 470], [159, 678, 163]]",True,False
brbgbr,K=1,iterations=1000,"[[499, 501, 0], [0, 1000, 0]]",True,False
brbgbb,K=1,iterations=1000,"[[0, 1000, 0], [0, 1000, 0]]",False,False
brbgbg,K=1,iterations=1000,"[[0, 520, 480], [0, 1000, 0]]",True,False
brbggr,K=1,iterations=1000,"[[500, 0, 500], [100, 810, 90]]",True,False
brbggb,K=1,iterations=1000,"[[0, 493, 507], [0, 1000, 0]]",True,False
brbggg,K=1,iterations=1000,"[[0, 0, 1000], [54, 710, 236]]",True,False
brgrrr,K=1,iterations=1000,"[[1000, 0, 0], [1000, 0, 0]]",False,False
brgrrb,K=1,iterations=1000,"[[1000, 0, 0], [496, 504, 0]]",True,False
brgrrg,K=1,iterations=1000,"[[1000, 0, 0], [745, 45, 210]]",True,False
brgrbr,K=1,iterations=1000,"[[1000, 0, 0], [502, 498, 0]]",True,False
brgrbb,K=1,iterations=1000,"[[480, 520, 0], [0, 1000, 0]]",True,False
brgrbg,K=1,iterations=1000,"[[517, 0, 483], [153, 673, 174]]",True,False
brgrgr,K=1,iterations=1000,"[[1000, 0, 0], [721, 55, 224]]",True,False
brgrgb,K=1,iterations=1000,"[[501, 0, 499], [156, 655, 189]]",True,False
brgrgg,K=1,iterations=1000,"[[0, 0, 1000], [222, 53, 725]]",True,False
brgbrr,K=1,iterations=1000,"[[1000, 0, 0], [221, 725, 54]]",True,False
brgbrb,K=1,iterations=1000,"[[500, 500, 0], [0, 1000, 0]]",True,False
brgbrg,K=1,iterations=1000,"[[481, 0, 519], [160, 675, 165]]",True,False
brgbbr,K=1,iterations=1000,"[[491, 509, 0], [0, 1000, 0]]",True,False
brgbbb,K=1,iterations=1000,"[[0, 1000, 0], [0, 1000, 0]]",False,False
brgbbg,K=1,iterations=1000,"[[0, 516, 484], [0, 1000, 0]]",True,False
brgbgr,K=1,iterations=1000,"[[499, 0, 501], [55, 737, 208]]",True,False
brgbgb,K=1,iterations=1000,"[[0, 506, 494], [0, 1000, 0]]",True,False
brgbgg,K=1,iterations=1000,"[[0, 0, 1000], [0, 527, 473]]",True,False
brggrr,K=1,iterations=1000,"[[1000, 0, 0], [527, 230, 243]]",True,False
brggrb,K=1,iterations=1000,"[[510, 0, 490], [219, 721, 60]]",True,False
brggrg,K=1,iterations=1000,"[[0, 0, 1000], [228, 48, 724]]",True,False
brggbr,K=1,iterations=1000,"[[514, 0, 486], [101, 813, 86]]",True,False
brggbb,K=1,iterations=1000,"[[0, 489, 511], [0, 1000, 0]]",True,False
brggbg,K=1,iterations=1000,"[[0, 0, 1000], [0, 498, 502]]",True,False
brgggr,K=1,iterations=1000,"[[0, 0, 1000], [228, 222, 550]]",True,False
brgggb,K=1,iterations=1000,"[[0, 0, 1000], [58, 715, 227]]",True,False
brgggg,K=1,iterations=1000,"[[0, 0, 1000], [0, 0, 1000]]",False,False
bbrrrr,K=1,iterations=1000,"[[1000, 0, 0], [1000, 0, 0]]",False,False
bbrrrb,K=1,iterations=1000,"[[1000, 0, 0], [0, 1000, 0]]",True,True
bbrrrg,K=1,iterations=1000,"[[1000, 0, 0], [237, 719, 44]]",True,False
bbrrbr,K=1,iterations=1000,"[[1000, 0, 0], [0, 1000, 0]]",True,True
bbrrbb,K=1,iterations=1000,"[[0, 1000, 0], [0, 1000, 0]]",False,False
bbrrbg,K=1,iterations=1000,"[[496, 504, 0], [0, 1000, 0]]",True,False
bbrrgr,K=1,iterations=1000,"[[1000, 0, 0], [486, 514, 0]]",True,False
bbrrgb,K=1,iterations=1000,"[[500, 500, 0], [0, 1000, 0]]",True,False
bbrrgg,K=1,iterations=1000,"[[514, 0, 486], [79, 841, 80]]",True,False
bbrbrr,K=1,iterations=1000,"[[1000, 0, 0], [0, 1000, 0]]",True,True
bbrbrb,K=1,iterations=1000,"[[0, 1000, 0], [0, 1000, 0]]",False,False
bbrbrg,K=1,iterations=1000,"[[484, 516, 0], [0, 1000, 0]]",True,False
bbrbbr,K=1,iterations=1000,"[[0, 1000, 0], [0, 1000, 0]]",False,False
bbrbbb,K=1,iterations=1000,"[[0, 1000, 0], [0, 1000, 0]]",False,False
bbrbbg,K=1,iterations=1000,"[[0, 1000, 0], [0, 1000, 0]]",False,False
bbrbgr,K=1,iterations=1000,"[[500, 500, 0], [0, 1000, 0]]",True,False
bbrbgb,K=1,iterations=1000,"[[0, 1000, 0], [0, 1000, 0]]",False,False
bbrbgg,K=1,iterations=1000,"[[0, 501, 499], [0, 1000, 0]]",True,False
bbrgrr,K=1,iterations=1000,"[[1000, 0, 0], [506, 494, 0]]",True,False
bbrgrb,K=1,iterations=1000,"[[515, 485, 0], [0, 1000, 0]]",True,False
bbrgrg,K=1,iterations=1000,"[[493, 0, 507], [147, 715, 138]]",True,False
bbrgbr,K=1,iterations=1000,"[[454, 546, 0], [0, 1000, 0]]",True,False
bbrgbb,K=1,iterations=1000,"[[0, 1000, 0], [0, 1000, 0]]",False,False
bbrgbg,K=1,iterations=1000,"[[0, 501, 499], [0, 1000, 0]]",True,False
bbrggr,K=1,iterations=1000,"[[488, 0, 512], [242, 697, 61]]",True,False
bbrggb,K=1,iterations=1000,"[[0, 505, 495], [0, 1000, 0]]",True,False
bbrggg,K=1,iterations=1000,"[[0, 0, 1000], [55, 706, 239]]",True,False
bbbrrr,K=1,iterations=1000,"[[1000, 0, 0], [0, 1000, 0]]",True,True
bbbrrb,K=1,iterations=1000,"[[0, 1000, 0], [0, 1000, 0]]",False,False
bbbrrg,K=1,iterations=1000,"[[479, 521, 0], [0, 1000, 0]]",True,False
bbbrbr,K=1,iterations=1000,"[[0, 1000, 0], [0, 1000, 0]]",False,False
bbbrbb,K=1,iterations=1000,"[[0, 1000, 0], [0, 1000, 0]]",False,False
bbbrbg,K=1,iterations=1000,"[[0, 1000, 0], [0, 1000, 0]]",False,False
bbbrgr,K=1,iterations=1000,"[[530, 470, 0], [0, 1000, 0]]",True,False
bbbrgb,K=1,iterations=1000,"[[0, 1000, 0], [0, 1000, 0]]",False,False
bbbrgg,K=1,iterations=1000,"[[0, 490, 510], [0, 1000, 0]]",True,False
bbbbrr,K=1,iterations=1000,"[[0, 1000, 0], [0, 1000, 0]]",False,False
bbbbrb,K=1,iterations=1000,"[[0, 1000, 0], [0, 1000, 0]]",False,False
bbbbrg,K=1,iterations=1000,"[[0, 1000, 0], [0, 1000, 0]]",False,False
bbbbbr,K=1,iterations=1000,"[[0, 1000, 0], [0, 1000, 0]]",False,False
bbbbbb,K=1,iterations=1000,"[[0, 1000, 0], [0, 1000, 0]]",False,False
bbbbbg,K=1,iterations=1000,"[[0, 1000, 0], [0, 1000, 0]]",False,False
bbbbgr,K=1,iterations=1000,"[[0, 1000, 0], [0, 1000, 0]]",False,False
bbbbgb,K=1,iterations=1000,"[[0, 1000, 0], [0, 1000, 0]]",False,False
bbbbgg,K=1,iterations=1000,"[[0, 1000, 0], [0, 1000, 0]]",False,False
bbbgrr,K=1,iterations=1000,"[[475, 525, 0], [0, 1000, 0]]",True,False
bbbgrb,K=1,iterations=1000,"[[0, 1000, 0], [0, 1000, 0]]",False,False
bbbgrg,K=1,iterations=1000,"[[0, 510, 490], [0, 1000, 0]]",True,False
bbbgbr,K=1,iterations=1000,"[[0, 1000, 0], [0, 1000, 0]]",False,False
bbbgbb,K=1,iterations=1000,"[[0, 1000, 0], [0, 1000, 0]]",False,False
bbbgbg,K=1,iterations=1000,"[[0, 1000, 0], [0, 1000, 0]]",False,False
bbbggr,K=1,iterations=1000,"[[0, 507, 493], [0, 1000, 0]]",True,False
bbbggb,K=1,iterations=1000,"[[0, 1000, 0], [0, 1000, 0]]",False,False
bbbggg,K=1,iterations=1000,"[[0, 0, 1000], [0, 1000, 0]]",True,True
bbgrrr,K=1,iterations=1000,"[[1000, 0, 0], [211, 726, 63]]",True,False
bbgrrb,K=1,iterations=1000,"[[506, 494, 0], [0, 1000, 0]]",True,False
bbgrrg,K=1,iterations=1000,"[[512, 0, 488], [47, 718, 235]]",True,False
bbgrbr,K=1,iterations=1000,"[[521, 479, 0], [0, 1000, 0]]",True,False
bbgrbb,K=1,iterations=1000,"[[0, 1000, 0], [0, 1000, 0]]",False,False
bbgrbg,K=1,iterations=1000,"[[0, 470, 530], [0, 1000, 0]]",True,False
bbgrgr,K=1,iterations=1000,"[[525, 0, 475], [172, 651, 177]]",True,False
bbgrgb,K=1,iterations=1000,"[[0, 477, 523], [0, 1000, 0]]",True,False
bbgrgg,K=1,iterations=1000,"[[0, 0, 1000], [0, 494, 506]]",True,False
bbgbrr,K=1,iterations=1000,"[[498, 502, 0], [0, 1000, 0]]",True,False
bbgbrb,K=1,iterations=1000,"[[0, 1000, 0], [0, 1000, 0]]",False,False
bbgbrg,K=1,iterations=1000,"[[0, 497, 503], [0, 1000, 0]]",True,False
bbgbbr,K=1,iterations=1000,"[[0, 1000, 0], [0, 1000, 0]]",False,False
bbgbbb,K=1,iterations=1000,"[[0, 1000, 0], [0, 1000, 0]]",False,False
bbgbbg,K=1,iterations=1000,"[[0, 1000, 0], [0, 1000, 0]]",False,False
bbgbgr,K=1,iterations=1000,"[[0, 504, 496], [0, 1000, 0]]",True,False
bbgbgb,K=1,iterations=1000,"[[0, 1000, 0], [0, 1000, 0]]",False,False
bbgbgg,K=1,iterations=1000,"[[0, 0, 1000], [0, 1000, 0]]",True,True
bbggrr,K=1,iterations=1000,"[[513, 0, 487], [97, 816, 87]]",True,False
bbggrb,K=1,iterations=1000,"[[0, 478, 522], [0, 1000, 0]]",True,False
bbggrg,K=1,iterations=1000,"[[0, 0, 1000], [0, 500, 500]]",True,False
bbggbr,K=1,iterations=1000,"[[0, 499, 501], [0, 1000, 0]]",True,False
bbggbb,K=1,iterations=1000,"[[0, 1000, 0], [0, 1000, 0]]",False,False
bbggbg,K=1,iterations=1000,"[[0, 0, 1000], [0, 1000, 0]]",True,True
bbgggr,K=1,iterations=1000,"[[0, 0, 1000], [49, 735, 216]]",True,False
bbgggb,K=1,iterations=1000,"[[0, 0, 1000], [0, 1000, 0]]",True,True
bbgggg,K=1,iterations=1000,"[[0, 0, 1000], [0, 0, 1000]]",False,False
bgrrrr,K=1,iterations=1000,"[[1000, 0, 0], [1000, 0, 0]]",False,False
bgrrrb,K=1,iterations=1000,"[[1000, 0, 0], [198, 732, 70]]",True,False
bgrrrg,K=1,iterations=1000,"[[1000, 0, 0], [589, 204, 207]]",True,False
bgrrbr,K=1,iterations=1000,"[[1000, 0, 0], [489, 511, 0]]",True,False
bgrrbb,K=1,iterations=1000,"[[510, 490, 0], [0, 1000, 0]]",True,False
bgrrbg,K=1,iterations=1000,"[[496, 0, 504], [73, 834, 93]]",True,False
bgrrgr,K=1,iterations=1000,"[[1000, 0, 0], [749, 57, 194]]",True,False
bgrrgb,K=1,iterations=1000,"[[521, 0, 479], [60, 714, 226]]",True,False
bgrrgg,K=1,iterations=1000,"[[0, 0, 1000], [240, 225, 535]]",True,False
bgrbrr,K=1,iterations=1000,"[[1000, 0, 0], [515, 485, 0]]",True,False
bgrbrb,K=1,iterations=1000,"[[513, 487, 0], [0, 1000, 0]]",True,False
bgrbrg,K=1,iterations=1000,"[[479, 0, 521], [215, 738, 47]]",True,False
bgrbbr,K=1,iterations=1000,"[[525, 475, 0], [0, 1000, 0]]",True,False
bgrbbb,K=1,iterations=1000,"[[0, 1000, 0], [0, 1000, 0]]",False,False
bgrbbg,K=1,iterations=1000,"[[0, 507, 493], [0, 1000, 0]]",True,False
bgrbgr,K=1,iterations=1000,"[[471, 0, 529], [169, 657, 174]]",True,False
bgrbgb,K=1,iterations=1000,"[[0, 485, 515], [0, 1000, 0]]",True,False
bgrbgg,K=1,iterations=1000,"[[0, 0, 1000], [45, 734, 221]]",True,False
bgrgrr,K=1,iterations=1000,"[[1000, 0, 0], [718, 62, 220]]",True,False
bgrgrb,K=1,iterations=1000,"[[488, 0, 512], [171, 656, 173]]",True,False
bgrgrg,K=1,iterations=1000,"[[0, 0, 1000], [243, 54, 703]]",True,False
bgrgbr,K=1,iterations=1000,"[[526, 0, 474], [163, 688, 149]]",True,False
bgrgbb,K=1,iterations=1000,"[[0, 513, 487], [0, 1000, 0]]",True,False
bgrgbg,K=1,iterations=1000,"[[0, 0, 1000], [0, 518, 482]]",True,False
bgrggr,K=1,iterations=1000,"[[0, 0, 1000], [224, 46, 730]]",True,False
bgrggb,K=1,iterations=1000,"[[0, 0, 1000], [0, 496, 504]]",True,False
bgrggg,K=1,iterations=1000,"[[0, 0, 1000], [0, 0, 1000]]",False,False
bgbrrr,K=1,iterations=1000,"[[1000, 0, 0], [237, 693, 70]]",True,False
bgbrrb,K=1,iterations=1000,"[[539, 461, 0], [0, 1000, 0]]",True,False
bgbrrg,K=1,iterations=1000,"[[511, 0, 489], [102, 805, 93]]",True,False
bgbrbr,K=1,iterations=1000,"[[501, 499, 0], [0, 1000, 0]]",True,False
bgbrbb,K=1,iterations=1000,"[[0, 1000, 0], [0, 1000, 0]]",False,False
bgbrbg,K=1,iterations=1000,"[[0, 472, 528], [0, 1000, 0]]",True,False
bgbrgr,K=1,iterations=1000,"[[516, 0, 484], [169, 679, 152]]",True,False
bgbrgb,K=1,iterations=1000,"[[0, 512, 488], [0, 1000, 0]]",True,False
bgbrgg,K=1,iterations=1000,"[[0, 0, 1000], [53, 705, 242]]",True,False
bgbbrr,K=1,iterations=1000,"[[478, 522, 0], [0, 1000, 0]]",True,False
bgbbrb,K=1,iterations=1000,"[[0, 1000, 0], [0, 1000, 0]]",False,False
bgbbrg,K=1,iterations=1000,"[[0, 510, 490], [0, 1000, 0]]",True,False
bgbbbr,K=1,iterations=1000,"[[0, 1000, 0], [0, 1000, 0]]",False,False
bgbbbb,K=1,iterations=1000,"[[0, 1000, 0], [0, 1000, 0]]",False,False
bgbbbg,K=1,iterations=1000,"[[0, 1000, 0], [0, 1000, 0]]",False,False
bgbbgr,K=1,iterations=1000,"[[0, 517, 483], [0, 1000, 0]]",True,False
bgbbgb,K=1,iterations=1000,"[[0, 1000, 0], [0, 1000, 0]]",False,False
bgbbgg,K=1,iterations=1000,"[[0, 0, 1000], [0, 1000, 0]]",True,True
bgbgrr,K=1,iterations=1000,"[[501, 0, 499], [49, 731, 220]]",True,False
bgbgrb,K=1,iterations=1000,"[[0, 486, 514], [0, 1000, 0]]",True,False
bgbgrg,K=1,iterations=1000,"[[0, 0, 1000], [0, 468, 532]]",True,False
bgbgbr,K=1,iterations=1000,"[[0, 501, 499], [0, 1000, 0]]",True,False
bgbgbb,K=1,iterations=1000,"[[0, 1000, 0], [0, 1000, 0]]",False,False
bgbgbg,K=1,iterations=1000,"[[0, 0, 1000], [0, 1000, 0]]",True,True
bgbggr,K=1,iterations=1000,"[[0, 0, 1000], [0, 517, 483]]",True,False
bgbggb,K=1,iterations=1000,"[[0, 0, 1000], [0, 1000, 0]]",True,True
bgbggg,K=1,iterations=1000,"[[0, 0, 1000], [0, 0, 1000]]",False,False
bggrrr,K=1,iterations=1000,"[[1000, 0, 0], [554, 216, 230]]",True,False
bggrrb,K=1,iterations=1000,"[[477, 0, 523], [93, 799, 108]]",True,False
bggrrg,K=1,iterations=1000,"[[0, 0, 1000], [221, 220, 559]]",True,False
bggrbr,K=1,iterations=1000,"[[482, 0, 518], [203, 742, 55]]",True,False
bggrbb,K=1,iterations=1000,"[[0, 487, 513], [0, 1000, 0]]",True,False
bggrbg,K=1,iterations=1000,"[[0, 0, 1000], [57, 708, 235]]",True,False
bggrgr,K=1,iterations=1000,"[[0, 0, 1000], [217, 48, 735]]",True,False
bggrgb,K=1,iterations=1000,"[[0, 0, 1000], [0, 511, 489]]",True,False
bggrgg,K=1,iterations=1000,"[[0, 0, 1000], [0, 0, 1000]]",False,False
bggbrr,K=1,iterations=1000,"[[489, 0, 511], [91, 799, 110]]",True,False
bggbrb,K=1,iterations=1000,"[[0, 464, 536], [0, 1000, 0]]",True,False
bggbrg,K=1,iterations=1000,"[[0, 0, 1000], [61, 700, 239]]",True,False
bggbbr,K=1,iterations=1000,"[[0, 495, 505], [0, 1000, 0]]",True,False
bggbbb,K=1,iterations=1000,"[[0, 1000, 0], [0, 1000, 0]]",False,False
bggbbg,K=1,iterations=1000,"[[0, 0, 1000], [0, 1000, 0]]",True,True
bggbgr,K=1,iterations=1000,"[[0, 0, 1000], [0, 499, 501]]",True,False
bggbgb,K=1,iterations=1000,"[[0, 0, 1000], [0, 1000, 0]]",True,True
bggbgg,K=1,iterations=1000,"[[0, 0, 1000], [0, 0, 1000]]",False,False
bgggrr,K=1,iterations=1000,"[[0, 0, 1000], [212, 215, 573]]",True,False
bgggrb,K=1,iterations=1000,"[[0, 0, 1000], [52, 721, 227]]",True,False
bgggrg,K=1,iterations=1000,"[[0, 0, 1000], [0, 0, 1000]]",False,False
bgggbr,K=1,iterations=1000,"[[0, 0, 1000], [56, 713, 231]]",True,False
bgggbb,K=1,iterations=1000,"[[0, 0, 1000], [0, 1000, 0]]",True,True
bgggbg,K=1,iterations=1000,"[[0, 0, 1000], [0, 0, 1000]]",False,False
bggggr,K=1,iterations=1000,"[[0, 0, 1000], [0, 0, 1000]]",False,False
bggggb,K=1,iterations=1000,"[[0, 0, 1000], [0, 0, 1000]]",False,False
bggggg,K=1,iterations=1000,"[[0, 0, 1000], [0, 0, 1000]]",False,False
grrrrr,K=1,iterations=1000,"[[1000, 0, 0], [1000, 0, 0]]",False,False
grrrrb,K=1,iterations=1000,"[[1000, 0, 0], [1000, 0, 0]]",False,False
grrrrg,K=1,iterations=1000,"[[1000, 0, 0], [1000, 0, 0]]",False,False
grrrbr,K=1,iterations=1000,"[[1000, 0, 0], [1000, 0, 0]]",False,False
grrrbb,K=1,iterations=1000,"[[1000, 0, 0], [580, 190, 230]]",True,False
grrrbg,K=1,iterations=1000,"[[1000, 0, 0], [235, 58, 707]]",True,False
grrrgr,K=1,iterations=1000,"[[1000, 0, 0], [1000, 0, 0]]",False,False
grrrgb,K=1,iterations=1000,"[[1000, 0, 0], [254, 37, 709]]",True,False
grrrgg,K=1,iterations=1000,"[[1000, 0, 0], [0, 0, 1000]]",True,True
grrbrr,K=1,iterations=1000,"[[1000, 0, 0], [1000, 0, 0]]",False,False
grrbrb,K=1,iterations=1000,"[[1000, 0, 0], [721, 221, 58]]",True,False
grrbrg,K=1,iterations=1000,"[[1000, 0, 0], [521, 0, 479]]",True,False
grrbbr,K=1,iterations=1000,"[[1000, 0, 0], [538, 226, 236]]",True,False
grrbbb,K=1,iterations=1000,"[[0, 1000, 0], [199, 577, 224]]",True,False
grrbbg,K=1,iterations=1000,"[[457, 543, 0], [89, 93, 818]]",True,False
grrbgr,K=1,iterations=1000,"[[1000, 0, 0], [223, 56, 721]]",True,False
grrbgb,K=1,iterations=1000,"[[497, 503, 0], [58, 237, 705]]",True,False
grrbgg,K=1,iterations=1000,"[[469, 0, 531], [0, 0, 1000]]",True,False
grrgrr,K=1,iterations=1000,"[[1000, 0, 0], [1000, 0, 0]]",False,False
grrgrb,K=1,iterations=1000,"[[1000, 0, 0], [490, 0, 510]]",True,False
grrgrg,K=1,iterations=1000,"[[1000, 0, 0], [0, 0, 1000]]",True,True
grrgbr,K=1,iterations=1000,"[[1000, 0, 0], [208, 56, 736]]",True,False
grrgbb,K=1,iterations=1000,"[[521, 479, 0], [106, 90, 804]]",True,False
grrgbg,K=1,iterations=1000,"[[496, 0, 504], [0, 0, 1000]]",True,False
grrggr,K=1,iterations=1000,"[[1000, 0, 0], [0, 0, 1000]]",True,True
grrggb,K=1,iterations=1000,"[[524, 0, 476], [0, 0, 1000]]",True,False
grrggg,K=1,iterations=1000,"[[0, 0, 1000], [0, 0, 1000]]",False,False
grbrrr,K=1,iterations=1000,"[[1000, 0, 0], [1000, 0, 0]]",False,False
grbrrb,K=1,iterations=1000,"[[1000, 0, 0], [741, 207, 52]]",True,False
grbrrg,K=1,iterations=1000,"[[1000, 0, 0], [529, 0, 471]]",True,False
grbrbr,K=1,iterations=1000,"[[1000, 0, 0], [717, 217, 66]]",True,False
grbrbb,K=1,iterations=1000,"[[0, 1000, 0], [222, 716, 62]]",True,False
grbrbg,K=1,iterations=1000,"[[457, 543, 0], [161, 158, 681]]",True,False
grbrgr,K=1,iterations=1000,"[[1000, 0, 0], [506, 0, 494]]",True,False
grbrgb,K=1,iterations=1000,"[[515, 485, 0], [162, 161, 677]]",True,False
grbrgg,K=1,iterations=1000,"[[510, 0, 490], [0, 0, 1000]]",True,False
grbbrr,K=1,iterations=1000,"[[1000, 0, 0], [558, 226, 216]]",True,False
grbbrb,K=1,iterations=1000,"[[0, 1000, 0], [252, 685, 63]]",True,False
grbbrg,K=1,iterations=1000,"[[510, 490, 0], [229, 50, 721]]",True,False
grbbbr,K=1,iterations=1000,"[[0, 1000, 0], [237, 518, 245]]",True,False
grbbbb,K=1,iterations=1000,"[[0, 1000, 0], [0, 1000, 0]]",False,False
grbbbg,K=1,iterations=1000,"[[0, 1000, 0], [41, 226, 733]]",True,False
grbbgr,K=1,iterations=1000,"[[507, 493, 0], [82, 92, 826]]",True,False
grbbgb,K=1,iterations=1000,"[[0, 1000, 0], [0, 488, 512]]",True,False
grbbgg,K=1,iterations=1000,"[[0, 486, 514], [0, 0, 1000]]",True,False
grbgrr,K=1,iterations=1000,"[[1000, 0, 0], [226, 62, 712]]",True,False
grbgrb,K=1,iterations=1000,"[[494, 506, 0], [165, 163, 672]]",True,False
grbgrg,K=1,iterations=1000,"[[498, 0, 502], [0, 0, 1000]]",True,False
grbgbr,K=1,iterations=1000,"[[510, 490, 0], [50, 227, 723]]",True,False
grbgbb,K=1,iterations=1000,"[[0, 1000, 0], [0, 501, 499]]",True,False
grbgbg,K=1,iterations=1000,"[[0, 491, 509], [0, 0, 1000]]",True,False
grbggr,K=1,iterations=1000,"[[518, 0, 482], [0, 0, 1000]]",True,False
grbggb,K=1,iterations=1000,"[[0, 492, 508], [0, 0, 1000]]",True,False
grbggg,K=1,iterations=1000,"[[0, 0, 1000], [0, 0, 1000]]",False,False
grgrrr,K=1,iterations=1000,"[[1000, 0, 0], [1000, 0, 0]]",False,False
grgrrb,K=1,iterations=1000,"[[1000, 0, 0], [507, 0, 493]]",True,False
grgrrg,K=1,iterations=1000,"[[1000, 0, 0], [0, 0, 1000]]",True,True
grgrbr,K=1,iterations=1000,"[[1000, 0, 0], [509, 0, 491]]",True,False
grgrbb,K=1,iterations=1000,"[[479, 521, 0], [192, 52, 756]]",True,False
grgrbg,K=1,iterations=1000,"[[503, 0, 497], [0, 0, 1000]]",True,False
grgrgr,K=1,iterations=1000,"[[1000, 0, 0], [0, 0, 1000]]",True,True
grgrgb,K=1,iterations=1000,"[[469, 0, 531], [0, 0, 1000]]",True,False
grgrgg,K=1,iterations=1000,"[[0, 0, 1000], [0, 0, 1000]]",False,False
grgbrr,K=1,iterations=1000,"[[1000, 0, 0], [202, 54, 744]]",True,False
grgbrb,K=1,iterations=1000,"[[492, 508, 0], [150, 170, 680]]",True,False
grgbrg,K=1,iterations=1000,"[[490, 0, 510], [0, 0, 1000]]",True,False
grgbbr,K=1,iterations=1000,"[[504, 496, 0], [76, 97, 827]]",True,False
grgbbb,K=1,iterations=1000,"[[0, 1000, 0], [65, 219, 716]]",True,False
grgbbg,K=1,iterations=1000,"[[0, 521, 479], [0, 0, 1000]]",True,False
grgbgr,K=1,iterations=1000,"[[488, 0, 512], [0, 0, 1000]]",True,False
grgbgb,K=1,iterations=1000,"[[0, 503, 497], [0, 0, 1000]]",True,False
grgbgg,K=1,iterations=1000,"[[0, 0, 1000], [0, 0, 1000]]",False,False
grggrr,K=1,iterations=1000,"[[1000, 0, 0], [0, 0, 1000]]",True,True
grggrb,K=1,iterations=1000,"[[521, 0, 479], [0, 0, 1000]]",True,False
grggrg,K=1,iterations=1000,"[[0, 0, 1000], [0, 0, 1000]]",False,False
grggbr,K=1,iterations=1000,"[[491, 0, 509], [0, 0, 1000]]",True,False
grggbb,K=1,iterations=1000,"[[0, 515, 485], [0, 0, 1000]]",True,False
grggbg,K=1,iterations=1000,"[[0, 0, 1000], [0, 0, 1000]]",False,False
grgggr,K=1,iterations=1000,"[[0, 0, 1000], [0, 0, 1000]]",False,False
grgggb,K=1,iterations=1000,"[[0, 0, 1000], [0, 0, 1000]]",False,False
grgggg,K=1,iterations=1000,"[[0, 0, 1000], [0, 0, 1000]]",False,False
gbrrrr,K=1,iterations=1000,"[[1000, 0, 0], [1000, 0, 0]]",False,False
gbrrrb,K=1,iterations=1000,"[[1000, 0, 0], [567, 211, 222]]",True,False
gbrrrg,K=1,iterations=1000,"[[1000, 0, 0], [217, 56, 727]]",True,False
gbrrbr,K=1,iterations=1000,"[[1000, 0, 0], [745, 208, 47]]",True,False
gbrrbb,K=1,iterations=1000,"[[0, 1000, 0], [210, 587, 203]]",True,False
gbrrbg,K=1,iterations=1000,"[[518, 482, 0], [59, 201, 740]]",True,False
gbrrgr,K=1,iterations=1000,"[[1000, 0, 0], [498, 0, 502]]",True,False
gbrrgb,K=1,iterations=1000,"[[503, 497, 0], [95, 95, 810]]",True,False
gbrrgg,K=1,iterations=1000,"[[484, 0, 516], [0, 0, 1000]]",True,False
gbrbrr,K=1,iterations=1000,"[[1000, 0, 0], [720, 223, 57]]",True,False
gbrbrb,K=1,iterations=1000,"[[0, 1000, 0], [224, 730, 46]]",True,False
gbrbrg,K=1,iterations=1000,"[[505, 495, 0], [188, 169, 643]]",True,False
gbrbbr,K=1,iterations=1000,"[[0, 1000, 0], [242, 706, 52]]",True,False
gbrbbb,K=1,iterations=1000,"[[0, 1000, 0], [0, 1000, 0]]",False,False
gbrbbg,K=1,iterations=1000,"[[0, 1000, 0], [0, 488, 512]]",True,False
gbrbgr,K=1,iterations=1000,"[[507, 493, 0], [169, 166, 665]]",True,False
gbrbgb,K=1,iterations=1000,"[[0, 1000, 0], [0, 482, 518]]",True,False
gbrbgg,K=1,iterations=1000,"[[0, 516, 484], [0, 0, 1000]]",True,False
gbrgrr,K=1,iterations=1000,"[[1000, 0, 0], [503, 0, 497]]",True,False
gbrgrb,K=1,iterations=1000,"[[491, 509, 0], [186, 53, 761]]",True,False
gbrgrg,K=1,iterations=1000,"[[511, 0, 489], [0, 0, 1000]]",True,False
gbrgbr,K=1,iterations=1000,"[[509, 491, 0], [166, 171, 663]]",True,False
gbrgbb,K=1,iterations=1000,"[[0, 1000, 0], [50, 230, 720]]",True,False
gbrgbg,K=1,iterations=1000,"[[0, 502, 498], [0, 0, 1000]]",True,False
gbrggr,K=1,iterations=1000,"[[491, 0, 509], [0, 0, 1000]]",True,False
gbrggb,K=1,iterations=1000,"[[0, 499, 501], [0, 0, 1000]]",True,False
gbrggg,K=1,iterations=1000,"[[0, 0, 1000], [0, 0, 1000]]",False,False
gbbrrr,K=1,iterations=1000,"[[1000, 0, 0], [547, 255, 198]]",True,False
gbbrrb,K=1,iterations=1000,"[[0, 1000, 0], [213, 559, 228]]",True,False
gbbrrg,K=1,iterations=1000,"[[494, 506, 0], [88, 93, 819]]",True,False
gbbrbr,K=1,iterations=1000,"[[0, 1000, 0], [223, 710, 67]]",True,False
gbbrbb,K=1,iterations=1000,"[[0, 1000, 0], [0, 1000, 0]]",False,False
gbbrbg,K=1,iterations=1000,"[[0, 1000, 0], [0, 476, 524]]",True,False
gbbrgr,K=1,iterations=1000,"[[497, 503, 0], [240, 57, 703]]",True,False
gbbrgb,K=1,iterations=1000,"[[0, 1000, 0], [54, 225, 721]]",True,False
gbbrgg,K=1,iterations=1000,"[[0, 515, 485], [0, 0, 1000]]",True,False
gbbbrr,K=1,iterations=1000,"[[0, 1000, 0], [225, 543, 232]]",True,False
gbbbrb,K=1,iterations=1000,"[[0, 1000, 0], [0, 1000, 0]]",False,False
gbbbrg,K=1,iterations=1000,"[[0, 1000, 0], [55, 244, 701]]",True,False
gbbbbr,K=1,iterations=1000,"[[0, 1000, 0], [0, 1000, 0]]",False,False
gbbbbb,K=1,iterations=1000,"[[0, 1000, 0], [0, 1000, 0]]",False,False
gbbbbg,K=1,iterations=1000,"[[0, 1000, 0], [0, 1000, 0]]",False,False
gbbbgr,K=1,iterations=1000,"[[0, 1000, 0], [58, 224, 718]]",True,False
gbbbgb,K=1,iterations=1000,"[[0, 1000, 0], [0, 1000, 0]]",False,False
gbbbgg,K=1,iterations=1000,"[[0, 1000, 0], [0, 0, 1000]]",True,True
gbbgrr,K=1,iterations=1000,"[[489, 511, 0], [110, 97, 793]]",True,False
gbbgrb,K=1,iterations=1000,"[[0, 1000, 0], [67, 212, 721]]",True,False
gbbgrg,K=1,iterations=1000,"[[0, 507, 493], [0, 0, 1000]]",True,False
gbbgbr,K=1,iterations=1000,"[[0, 1000, 0], [0, 525, 475]]",True,False
gbbgbb,K=1,iterations=1000,"[[0, 1000, 0], [0, 1000, 0]]",False,False
gbbgbg,K=1,iterations=1000,"[[0, 1000, 0], [0, 0, 1000]]",True,True
gbbggr,K=1,iterations=1000,"[[0, 483, 517], [0, 0, 1000]]",True,False
gbbggb,K=1,iterations=1000,"[[0, 1000, 0], [0, 0, 1000]]",True,True
gbbggg,K=1,iterations=1000,"[[0, 0, 1000], [0, 0, 1000]]",False,False
gbgrrr,K=1,iterations=1000,"[[1000, 0, 0], [200, 58, 742]]",True,False
gbgrrb,K=1,iterations=1000,"[[523, 477, 0], [81, 100, 819]]",True,False
gbgrrg,K=1,iterations=1000,"[[476, 0, 524], [0, 0, 1000]]",True,False
gbgrbr,K=1,iterations=1000,"[[504, 496, 0], [167, 169, 664]]",True,False
gbgrbb,K=1,iterations=1000,"[[0, 1000, 0], [55, 206, 739]]",True,False
gbgrbg,K=1,iterations=1000,"[[0, 474, 526], [0, 0, 1000]]",True,False
gbgrgr,K=1,iterations=1000,"[[506, 0, 494], [0, 0, 1000]]",True,False
gbgrgb,K=1,iterations=1000,"[[0, 478, 522], [0, 0, 1000]]",True,False
gbgrgg,K=1,iterations=1000,"[[0, 0, 1000], [0, 0, 1000]]",False,False
gbgbrr,K=1,iterations=1000,"[[477, 523, 0], [62, 211, 727]]",True,False
gbgbrb,K=1,iterations=1000,"[[0, 1000, 0], [0, 490, 510]]",True,False
gbgbrg,K=1,iterations=1000,"[[0, 502, 498], [0, 0, 1000]]",True,False
gbgbbr,K=1,iterations=1000,"[[0, 1000, 0], [0, 471, 529]]",True,False
gbgbbb,K=1,iterations=1000,"[[0, 1000, 0], [0, 1000, 0]]",False,False
gbgbbg,K=1,iterations=1000,"[[0, 1000, 0], [0, 0, 1000]]",True,True
gbgbgr,K=1,iterations=1000,"[[0, 514, 486], [0, 0, 1000]]",True,False
gbgbgb,K=1,iterations=1000,"[[0, 1000, 0], [0, 0, 1000]]",True,True
gbgbgg,K=1,iterations=1000,"[[0, 0, 1000], [0, 0, 1000]]",False,False
gbggrr,K=1,iterations=1000,"[[506, 0, 494], [0, 0, 1000]]",True,False
gbggrb,K=1,iterations=1000,"[[0, 492, 508], [0, 0, 1000]]",True,False
gbggrg,K=1,iterations=1000,"[[0, 0, 1000], [0, 0, 1000]]",False,False
gbggbr,K=1,iterations=1000,"[[0, 499, 501], [0, 0, 1000]]",True,False
gbggbb,K=1,iterations=1000,"[[0, 1000, 0], [0, 0, 1000]]",True,True
gbggbg,K=1,iterations=1000,"[[0, 0, 1000], [0, 0, 1000]]",False,False
gbgggr,K=1,iterations=1000,"[[0, 0, 1000], [0, 0, 1000]]",False,False
gbgggb,K=1,iterations=1000,"[[0, 0, 1000], [0, 0, 1000]]",False,False
gbgggg,K=1,iterations=1000,"[[0, 0, 1000], [0, 0, 1000]]",False,False
ggrrrr,K=1,iterations=1000,"[[1000, 0, 0], [1000, 0, 0]]",False,False
ggrrrb,K=1,iterations=1000,"[[1000, 0, 0], [228, 55, 717]]",True,False
ggrrrg,K=1,iterations=1000,"[[1000, 0, 0], [0, 0, 1000]]",True,True
ggrrbr,K=1,iterations=1000,"[[1000, 0, 0], [486, 0, 514]]",True,False
ggrrbb,K=1,iterations=1000,"[[506, 494, 0], [113, 100, 787]]",True,False
ggrrbg,K=1,iterations=1000,"[[483, 0, 517], [0, 0, 1000]]",True,False
ggrrgr,K=1,iterations=1000,"[[1000, 0, 0], [0, 0, 1000]]",True,True
ggrrgb,K=1,iterations=1000,"[[534, 0, 466], [0, 0, 1000]]",True,False
ggrrgg,K=1,iterations=1000,"[[0, 0, 1000], [0, 0, 1000]]",False,False
ggrbrr,K=1,iterations=1000,"[[1000, 0, 0], [496, 0, 504]]",True,False
ggrbrb,K=1,iterations=1000,"[[510, 490, 0], [162, 179, 659]]",True,False
ggrbrg,K=1,iterations=1000,"[[505, 0, 495], [0, 0, 1000]]",True,False
ggrbbr,K=1,iterations=1000,"[[499, 501, 0], [215, 59, 726]]",True,False
ggrbbb,K=1,iterations=1000,"[[0, 1000, 0], [51, 223, 726]]",True,False
ggrbbg,K=1,iterations=1000,"[[0, 513, 487], [0, 0, 1000]]",True,False
ggrbgr,K=1,iterations=1000,"[[488, 0, 512], [0, 0, 1000]]",True,False
ggrbgb,K=1,iterations=1000,"[[0, 500, 500], [0, 0, 1000]]",True,False
ggrbgg,K=1,iterations=1000,"[[0, 0, 1000], [0, 0, 1000]]",False,False
ggrgrr,K=1,iterations=1000,"[[1000, 0, 0], [0, 0, 1000]]",True,True
ggrgrb,K=1,iterations=1000,"[[484, 0, 516], [0, 0, 1000]]",True,False
ggrgrg,K=1,iterations=1000,"[[0, 0, 1000], [0, 0, 1000]]",False,False
ggrgbr,K=1,iterations=1000,"[[517, 0, 483], [0, 0, 1000]]",True,False
ggrgbb,K=1,iterations=1000,"[[0, 493, 507], [0, 0, 1000]]",True,False
ggrgbg,K=1,iterations=1000,"[[0, 0, 1000], [0, 0, 1000]]",False,False
ggrggr,K=1,iterations=1000,"[[0, 0, 1000], [0, 0, 1000]]",False,False
ggrggb,K=1,iterations=1000,"[[0, 0, 1000], [0, 0, 1000]]",False,False
ggrggg,K=1,iterations=1000,"[[0, 0, 1000], [0, 0, 1000]]",False,False
ggbrrr,K=1,iterations=1000,"[[1000, 0, 0], [208, 53, 739]]",True,False
ggbrrb,K=1,iterations=1000,"[[525, 475, 0], [47, 221, 732]]",True,False
ggbrrg,K=1,iterations=1000,"[[505, 0, 495], [0, 0, 1000]]",True,False
ggbrbr,K=1,iterations=1000,"[[478, 522, 0], [175, 143, 682]]",True,False
ggbrbb,K=1,iterations=1000,"[[0, 1000, 0], [0, 511, 489]]",True,False
ggbrbg,K=1,iterations=1000,"[[0, 517, 483], [0, 0, 1000]]",True,False
ggbrgr,K=1,iterations=1000,"[[479, 0, 521], [0, 0, 1000]]",True,False
ggbrgb,K=1,iterations=1000,"[[0, 506, 494], [0, 0, 1000]]",True,False
ggbrgg,K=1,iterations=1000,"[[0, 0, 1000], [0, 0, 1000]]",False,False
ggbbrr,K=1,iterations=1000,"[[508, 492, 0], [94, 102, 804]]",True,False
ggbbrb,K=1,iterations=1000,"[[0, 1000, 0], [0, 532, 468]]",True,False
ggbbrg,K=1,iterations=1000,"[[0, 516, 484], [0, 0, 1000]]",True,False
ggbbbr,K=1,iterations=1000,"[[0, 1000, 0], [59, 235, 706]]",True,False
ggbbbb,K=1,iterations=1000,"[[0, 1000, 0], [0, 1000, 0]]",False,False
ggbbbg,K=1,iterations=1000,"[[0, 1000, 0], [0, 0, 1000]]",True,True
ggbbgr,K=1,iterations=1000,"[[0, 481, 519], [0, 0, 1000]]",True,False
ggbbgb,K=1,iterations=1000,"[[0, 1000, 0], [0, 0, 1000]]",True,True
ggbbgg,K=1,iterations=1000,"[[0, 0, 1000], [0, 0, 1000]]",False,False
ggbgrr,K=1,iterations=1000,"[[511, 0, 489], [0, 0, 1000]]",True,False
ggbgrb,K=1,iterations=1000,"[[0, 505, 495], [0, 0, 1000]]",True,False
ggbgrg,K=1,iterations=1000,"[[0, 0, 1000], [0, 0, 1000]]",False,False
ggbgbr,K=1,iterations=1000,"[[0, 489, 511], [0, 0, 1000]]",True,False
ggbgbb,K=1,iterations=1000,"[[0, 1000, 0], [0, 0, 1000]]",True,True
ggbgbg,K=1,iterations=1000,"[[0, 0, 1000], [0, 0, 1000]]",False,False
ggbggr,K=1,iterations=1000,"[[0, 0, 1000], [0, 0, 1000]]",False,False
ggbggb,K=1,iterations=1000,"[[0, 0, 1000], [0, 0, 1000]]",False,False
ggbggg,K=1,iterations=1000,"[[0, 0, 1000], [0, 0, 1000]]",False,False
gggrrr,K=1,iterations=1000,"[[1000, 0, 0], [0, 0, 1000]]",True,True
gggrrb,K=1,iterations=1000,"[[471, 0, 529], [0, 0, 1000]]",True,False
gggrrg,K=1,iterations=1000,"[[0, 0, 1000], [0, 0, 1000]]",False,False
gggrbr,K=1,iterations=1000,"[[492, 0, 508], [0, 0, 1000]]",True,False
gggrbb,K=1,iterations=1000,"[[0, 512, 488], [0, 0, 1000]]",True,False
gggrbg,K=1,iterations=1000,"[[0, 0, 1000], [0, 0, 1000]]",False,False
gggrgr,K=1,iterations=1000,"[[0, 0, 1000], [0, 0, 1000]]",False,False
gggrgb,K=1,iterations=1000,"[[0, 0, 1000], [0, 0, 1000]]",False,False
gggrgg,K=1,iterations=1000,"[[0, 0, 1000], [0, 0, 1000]]",False,False
gggbrr,K=1,iterations=1000,"[[493, 0, 507], [0, 0, 1000]]",True,False
gggbrb,K=1,iterations=1000,"[[0, 457, 543], [0, 0, 1000]]",True,False
gggbrg,K=1,iterations=1000,"[[0, 0, 1000], [0, 0, 1000]]",False,False
gggbbr,K=1,iterations=1000,"[[0, 527, 473], [0, 0, 1000]]",True,False
gggbbb,K=1,iterations=1000,"[[0, 1000, 0], [0, 0, 1000]]",True,True
gggbbg,K=1,iterations=1000,"[[0, 0, 1000], [0, 0, 1000]]",False,False
gggbgr,K=1,iterations=1000,"[[0, 0, 1000], [0, 0, 1000]]",False,False
gggbgb,K=1,iterations=1000,"[[0, 0, 1000], [0, 0, 1000]]",False,False
gggbgg,K=1,iterations=1000,"[[0, 0, 1000], [0, 0, 1000]]",False,False
ggggrr,K=1,iterations=1000,"[[0, 0, 1000], [0, 0, 1000]]",False,False
ggggrb,K=1,iterations=1000,"[[0, 0, 1000], [0, 0, 1000]]",False,False
ggggrg,K=1,iterations=1000,"[[0, 0, 1000], [0, 0, 1000]]",False,False
ggggbr,K=1,iterations=1000,"[[0, 0, 1000], [0, 0, 1000]]",False,False
ggggbb,K=1,iterations=1000,"[[0, 0, 1000], [0, 0, 1000]]",False,False
ggggbg,K=1,iterations=1000,"[[0, 0, 1000], [0, 0, 1000]]",False,False
gggggr,K=1,iterations=1000,"[[0, 0, 1000], [0, 0, 1000]]",False,False
gggggb,K=1,iterations=1000,"[[0, 0, 1000], [0, 0, 1000]]",False,False
gggggg,K=1,iterations=1000,"[[0, 0, 1000], [0, 0, 1000]]",False,False
510,"['rrrbbb', 'rrrbbg', 'rrrbgb', 'rrrbgg', 'rrrgbb', 'rrrgbg', 'rrrggb', 'rrrggg', 'rrbrbb', 'rrbrbg', 'rrbrgb', 'rrbrgg', 'rrbbrb', 'rrbbrg', 'rrbbbr', 'rrbbbg', 'rrbbgr', 'rrbbgb', 'rrbbgg', 'rrbgrb', 'rrbgrg', 'rrbgbr', 'rrbgbb', 'rrbgbg', 'rrbggr', 'rrbggb', 'rrbggg', 'rrgrbb', 'rrgrbg', 'rrgrgb', 'rrgrgg', 'rrgbrb', 'rrgbrg', 'rrgbbr', 'rrgbbb', 'rrgbbg', 'rrgbgr', 'rrgbgb', 'rrgbgg', 'rrggrb', 'rrggrg', 'rrggbr', 'rrggbb', 'rrggbg', 'rrgggr', 'rrgggb', 'rbrrbb', 'rbrrbg', 'rbrrgb', 'rbrrgg', 'rbrbrb', 'rbrbrg', 'rbrbbr', 'rbrbbg', 'rbrbgr', 'rbrbgb', 'rbrbgg', 'rbrgrb', 'rbrgrg', 'rbrgbr', 'rbrgbb', 'rbrgbg', 'rbrggr', 'rbrggb', 'rbrggg', 'rbbrrb', 'rbbrrg', 'rbbrbr', 'rbbrbg', 'rbbrgr', 'rbbrgb', 'rbbrgg', 'rbbbrr', 'rbbbrg', 'rbbbgr', 'rbbbgg', 'rbbgrr', 'rbbgrb', 'rbbgrg', 'rbbgbr', 'rbbgbg', 'rbbggr', 'rbbggb', 'rbbggg', 'rbgrrb', 'rbgrrg', 'rbgrbr', 'rbgrbb', 'rbgrbg', 'rbgrgr', 'rbgrgb', 'rbgrgg', 'rbgbrr', 'rbgbrb', 'rbgbrg', 'rbgbbr', 'rbgbbg', 'rbgbgr', 'rbgbgb', 'rbgbgg', 'rbggrr', 'rbggrb', 'rbggrg', 'rbggbr', 'rbggbb', 'rbggbg', 'rbgggr', 'rbgggb', 'rgrrbb', 'rgrrbg', 'rgrrgb', 'rgrrgg', 'rgrbrb', 'rgrbrg', 'rgrbbr', 'rgrbbb', 'rgrbbg', 'rgrbgr', 'rgrbgb', 'rgrbgg', 'rgrgrb', 'rgrgrg', 'rgrgbr', 'rgrgbb', 'rgrgbg', 'rgrggr', 'rgrggb', 'rgbrrb', 'rgbrrg', 'rgbrbr', 'rgbrbb', 'rgbrbg', 'rgbrgr', 'rgbrgb', 'rgbrgg', 'rgbbrr', 'rgbbrb', 'rgbbrg', 'rgbbbr', 'rgbbbg', 'rgbbgr', 'rgbbgb', 'rgbbgg', 'rgbgrr', 'rgbgrb', 'rgbgrg', 'rgbgbr', 'rgbgbb', 'rgbgbg', 'rgbggr', 'rgbggb', 'rggrrb', 'rggrrg', 'rggrbr', 'rggrbb', 'rggrbg', 'rggrgr', 'rggrgb', 'rggbrr', 'rggbrb', 'rggbrg', 'rggbbr', 'rggbbb', 'rggbbg', 'rggbgr', 'rggbgb', 'rgggrr', 'rgggrb', 'rgggbr', 'rgggbb', 'brrrbb', 'brrrbg', 'brrrgb', 'brrrgg', 'brrbrb', 'brrbrg', 'brrbbr', 'brrbbg', 'brrbgr', 'brrbgb', 'brrbgg', 'brrgrb', 'brrgrg', 'brrgbr', 'brrgbb', 'brrgbg', 'brrggr', 'brrggb', 'brrggg', 'brbrrb', 'brbrrg', 'brbrbr', 'brbrbg', 'brbrgr', 'brbrgb', 'brbrgg', 'brbbrr', 'brbbrg', 'brbbgr', 'brbbgg', 'brbgrr', 'brbgrb', 'brbgrg', 'brbgbr', 'brbgbg', 'brbggr', 'brbggb', 'brbggg', 'brgrrb', 'brgrrg', 'brgrbr', 'brgrbb', 'brgrbg', 'brgrgr', 'brgrgb', 'brgrgg', 'brgbrr', 'brgbrb', 'brgbrg', 'brgbbr', 'brgbbg', 'brgbgr', 'brgbgb', 'brgbgg', 'brggrr', 'brggrb', 'brggrg', 'brggbr', 'brggbb', 'brggbg', 'brgggr', 'brgggb', 'bbrrrb', 'bbrrrg', 'bbrrbr', 'bbrrbg', 'bbrrgr', 'bbrrgb', 'bbrrgg', 'bbrbrr', 'bbrbrg', 'bbrbgr', 'bbrbgg', 'bbrgrr', 'bbrgrb', 'bbrgrg', 'bbrgbr', 'bbrgbg', 'bbrggr', 'bbrggb', 'bbrggg', 'bbbrrr', 'bbbrrg', 'bbbrgr', 'bbbrgg', 'bbbgrr', 'bbbgrg', 'bbbggr', 'bbbggg', 'bbgrrr', 'bbgrrb', 'bbgrrg', 'bbgrbr', 'bbgrbg', 'bbgrgr', 'bbgrgb', 'bbgrgg', 'bbgbrr', 'bbgbrg', 'bbgbgr', 'bbgbgg', 'bbggrr', 'bbggrb', 'bbggrg', 'bbggbr', 'bbggbg', 'bbgggr', 'bbgggb', 'bgrrrb', 'bgrrrg', 'bgrrbr', 'bgrrbb', 'bgrrbg', 'bgrrgr', 'bgrrgb', 'bgrrgg', 'bgrbrr', 'bgrbrb', 'bgrbrg', 'bgrbbr', 'bgrbbg', 'bgrbgr', 'bgrbgb', 'bgrbgg', 'bgrgrr', 'bgrgrb', 'bgrgrg', 'bgrgbr', 'bgrgbb', 'bgrgbg', 'bgrggr', 'bgrggb', 'bgbrrr', 'bgbrrb', 'bgbrrg', 'bgbrbr', 'bgbrbg', 'bgbrgr', 'bgbrgb', 'bgbrgg', 'bgbbrr', 'bgbbrg', 'bgbbgr', 'bgbbgg', 'bgbgrr', 'bgbgrb', 'bgbgrg', 'bgbgbr', 'bgbgbg', 'bgbggr', 'bgbggb', 'bggrrr', 'bggrrb', 'bggrrg', 'bggrbr', 'bggrbb', 'bggrbg', 'bggrgr', 'bggrgb', 'bggbrr', 'bggbrb', 'bggbrg', 'bggbbr', 'bggbbg', 'bggbgr', 'bggbgb', 'bgggrr', 'bgggrb', 'bgggbr', 'bgggbb', 'grrrbb', 'grrrbg', 'grrrgb', 'grrrgg', 'grrbrb', 'grrbrg', 'grrbbr', 'grrbbb', 'grrbbg', 'grrbgr', 'grrbgb', 'grrbgg', 'grrgrb', 'grrgrg', 'grrgbr', 'grrgbb', 'grrgbg', 'grrggr', 'grrggb', 'grbrrb', 'grbrrg', 'grbrbr', 'grbrbb', 'grbrbg', 'grbrgr', 'grbrgb', 'grbrgg', 'grbbrr', 'grbbrb', 'grbbrg', 'grbbbr', 'grbbbg', 'grbbgr', 'grbbgb', 'grbbgg', 'grbgrr', 'grbgrb', 'grbgrg', 'grbgbr', 'grbgbb', 'grbgbg', 'grbggr', 'grbggb', 'grgrrb', 'grgrrg', 'grgrbr', 'grgrbb', 'grgrbg', 'grgrgr', 'grgrgb', 'grgbrr', 'grgbrb', 'grgbrg', 'grgbbr', 'grgbbb', 'grgbbg', 'grgbgr', 'grgbgb', 'grggrr', 'grggrb', 'grggbr', 'grggbb', 'gbrrrb', 'gbrrrg', 'gbrrbr', 'gbrrbb', 'gbrrbg', 'gbrrgr', 'gbrrgb', 'gbrrgg', 'gbrbrr', 'gbrbrb', 'gbrbrg', 'gbrbbr', 'gbrbbg', 'gbrbgr', 'gbrbgb', 'gbrbgg', 'gbrgrr', 'gbrgrb', 'gbrgrg', 'gbrgbr', 'gbrgbb', 'gbrgbg', 'gbrggr', 'gbrggb', 'gbbrrr', 'gbbrrb', 'gbbrrg', 'gbbrbr', 'gbbrbg', 'gbbrgr', 'gbbrgb', 'gbbrgg', 'gbbbrr', 'gbbbrg', 'gbbbgr', 'gbbbgg', 'gbbgrr', 'gbbgrb', 'gbbgrg', 'gbbgbr', 'gbbgbg', 'gbbggr', 'gbbggb', 'gbgrrr', 'gbgrrb', 'gbgrrg', 'gbgrbr', 'gbgrbb', 'gbgrbg', 'gbgrgr', 'gbgrgb', 'gbgbrr', 'gbgbrb', 'gbgbrg', 'gbgbbr', 'gbgbbg', 'gbgbgr', 'gbgbgb', 'gbggrr', 'gbggrb', 'gbggbr', 'gbggbb', 'ggrrrb', 'ggrrrg', 'ggrrbr', 'ggrrbb', 'ggrrbg', 'ggrrgr', 'ggrrgb', 'ggrbrr', 'ggrbrb', 'ggrbrg', 'ggrbbr', 'ggrbbb', 'ggrbbg', 'ggrbgr', 'ggrbgb', 'ggrgrr', 'ggrgrb', 'ggrgbr', 'ggrgbb', 'ggbrrr', 'ggbrrb', 'ggbrrg', 'ggbrbr', 'ggbrbb', 'ggbrbg', 'ggbrgr', 'ggbrgb', 'ggbbrr', 'ggbbrb', 'ggbbrg', 'ggbbbr', 'ggbbbg', 'ggbbgr', 'ggbbgb', 'ggbgrr', 'ggbgrb', 'ggbgbr', 'ggbgbb', 'gggrrr', 'gggrrb', 'gggrbr', 'gggrbb', 'gggbrr', 'gggbrb', 'gggbbr', 'gggbbb']"
20,"['rrrbbb', 'rrbrbb', 'rrbbrb', 'rrbbbr', 'rbrrbb', 'rbrbrb', 'rbrbbr', 'rbbrrb', 'rbbrbr', 'rbbbrr', 'brrrbb', 'brrbrb', 'brrbbr', 'brbrrb', 'brbrbr', 'brbbrr', 'bbrrrb', 'bbrrbr', 'bbrbrr', 'bbbrrr']"
60,"['rrrbbb', 'rrrggg', 'rrbrbb', 'rrbbrb', 'rrbbbr', 'rrgrgg', 'rrggrg', 'rrgggr', 'rbrrbb', 'rbrbrb', 'rbrbbr', 'rbbrrb', 'rbbrbr', 'rbbbrr', 'rgrrgg', 'rgrgrg', 'rgrggr', 'rggrrg', 'rggrgr', 'rgggrr', 'brrrbb', 'brrbrb', 'brrbbr', 'brbrrb', 'brbrbr', 'brbbrr', 'bbrrrb', 'bbrrbr', 'bbrbrr', 'bbbrrr', 'bbbggg', 'bbgbgg', 'bbggbg', 'bbgggb', 'bgbbgg', 'bgbgbg', 'bgbggb', 'bggbbg', 'bggbgb', 'bgggbb', 'grrrgg', 'grrgrg', 'grrggr', 'grgrrg', 'grgrgr', 'grggrr', 'gbbbgg', 'gbbgbg', 'gbbggb', 'gbgbbg', 'gbgbgb', 'gbggbb', 'ggrrrg', 'ggrrgr', 'ggrgrr', 'ggbbbg', 'ggbbgb', 'ggbgbb', 'gggrrr', 'gggbbb']"
20,"['rrrbbb', 'rrbrbb', 'rrbbrb', 'rrbbbr', 'rbrrbb', 'rbrbrb', 'rbrbbr', 'rbbrrb', 'rbbrbr', 'rbbbrr', 'brrrbb', 'brrbrb', 'brrbbr', 'brbrrb', 'brbrbr', 'brbbrr', 'bbrrrb', 'bbrrbr', 'bbrbrr', 'bbbrrr']"
